{
  "test_accuracy": 0.9232995658465991,
  "best_hyperparameters": {
    "max_depth": null,
    "min_samples_split": 2,
    "n_estimators": 100
  },
  "classification_report": {
    "Avoid": {
      "precision": 0.9357142857142857,
      "recall": 0.9849624060150376,
      "f1-score": 0.9597069597069597,
      "support": 133.0
    },
    "Highly Recommended": {
      "precision": 0.9545454545454546,
      "recall": 0.9545454545454546,
      "f1-score": 0.9545454545454546,
      "support": 242.0
    },
    "Moderate": {
      "precision": 0.9082125603864735,
      "recall": 0.9215686274509803,
      "f1-score": 0.9148418491484185,
      "support": 204.0
    },
    "Recommended": {
      "precision": 0.8627450980392157,
      "recall": 0.7857142857142857,
      "f1-score": 0.822429906542056,
      "support": 112.0
    },
    "accuracy": 0.9232995658465991,
    "macro avg": {
      "precision": 0.9153043496713574,
      "recall": 0.9116976934314395,
      "f1-score": 0.9128810424857223,
      "support": 691.0
    },
    "weighted avg": {
      "precision": 0.922362971489483,
      "recall": 0.9232995658465991,
      "f1-score": 0.9224036358900336,
      "support": 691.0
    }
  }
}